Modelo,Escenario,R2,RMSE,MAE
XGBoost,Z Constante,0.920276419439398,0.23367142032233645,0.10709328749078574
