Modelo,Escenario,R2,RMSE,MAE
XGBoost,Z Variable,0.8957001227249842,0.261928360516924,0.12017876201072002
