Modelo,Escenario,R2,RMSE,MAE
Random Forest,Z Variable,0.8767966908669602,0.2846766275341889,0.1406428431228269
