Modelo,Escenario,R2,RMSE,MAE
Random Forest,Z Constante,0.9016886499473404,0.25948605924964396,0.12551367369213826
