Modelo,Escenario,R2,RMSE,MAE
MLP,Z Constante,0.9743946269489362,0.1324273700764374,0.031902426094586545
