Modelo,Escenario,R2,RMSE,MAE
MLP,Z Variable,0.9802676794939829,0.11392779877310179,0.03361470820721886
